{
  "timestamp": "2026-02-24 04:33:23",
  "config": {
    "consolidation_similarity_threshold": 0.85,
    "min_cluster_size": 2,
    "max_consolidation_rejection_count": 3
  },
  "metrics": {
    "clusters_processed": 1,
    "total_input_memories": 18,
    "total_merged": 11,
    "total_independent": 7,
    "total_merge_groups": 3,
    "merge_rate": 0.6111111111111112,
    "independence_rate": 0.3888888888888889,
    "avg_merge_group_size": 3.6666666666666665,
    "cluster_sizes": [
      18
    ],
    "compression": {
      "mean": 0.5207751331703485,
      "min": 0.3036515054452274,
      "max": 0.7672209026128266
    },
    "parse_failure_rate": 0.0,
    "parse_failures": 0,
    "coverage_failure_rate": 0.0,
    "coverage_failures": 0,
    "violation_counts": {},
    "samples_with_violations": 0
  },
  "clusters": [
    {
      "cluster_id": "component_17",
      "input_memory_ids": [
        "d9b015fd-96e6-48a1-a39d-1f882144acdd",
        "d81bfeff-5063-4a16-a1b5-9c197c65ca58",
        "3c374798-4010-466e-8fe8-e1ada8c48501",
        "5c1a3990-82f3-4aea-af74-11aeccffb41b",
        "6aeb7602-bb02-42ec-97f7-344349700349",
        "a32097a7-d8ea-45f7-96a1-6a471c0c27d7",
        "9b45c97b-a116-4853-ab16-001dcae0b4f8",
        "d0372461-ba5a-422f-8f45-ad96bac1d31e",
        "d63351ba-d9fb-4096-b2d3-0d0244943885",
        "d16cfd94-92a9-4130-bb97-c62d7e3abad8",
        "72dcc6a9-1732-4247-a8ca-fe6c91bf7703",
        "50af3c02-9179-4220-bb8d-989c0d130d1d",
        "c78c19f8-9f43-45cc-af09-0079d91d3600",
        "298444e7-54cd-4a5c-8469-001c03b0612b",
        "aa17e85b-429f-4503-beaf-24e5a7ebd0f2",
        "a6537fb6-11f6-46c5-8940-03509ba7cac7",
        "834cc4a3-f455-45b8-bc86-f0f9865aebf7",
        "4675670d-9212-4836-9a59-3496b600df19"
      ],
      "input_memory_texts": [
        "Believes collapse of global civilization is inevitable and necessary - all civilizations throughout history have collapsed, first global civilization will have first global collapse, systems too entrenched to change without catastrophic reset",
        "Believes first global industrial civilization will eventually collapse, views this as inevitable based on historical pattern that all civilizations collapse eventually, considers earlier/more severe collapse preferable to prolonged extraction causing maximum damage, does not apply this fatalism to personal ethics\u2014finds meaning in being kind to others, cleaning river litter, building quality projects, and making day-to-day life nice despite believing large-scale trajectory is doomed",
        "Identifies as fatalist doomer regarding climate and civilization collapse, has come to terms with inevitability rather than believing in solutions",
        "Despite believing civilization collapse is coming, finds meaning in present actions: is kind to others, cleans up litter at rivers, works hard in business, and develops interesting programming projects",
        "Believes human civilization is inherently destructive and collapse is inevitable. Views humans as the problem itself, not just products of systems. Accepts that 95% population die-off may be necessary for ecological recovery, though recognizes this isn't selective and would cause suffering. Acknowledges individual primates would likely survive and rebuild with same patterns. Sees this as clearer-eyed realism about historical civilizations all eventually collapsing, with first global civilization facing first global collapse.",
        "Finds meaning and purpose through local ethical action despite believing collapse is inevitable: is kind to others, cleans litter at the river, works hard in business, develops programming projects; stated 'the fall of man may be nigh but I'm still waking up every day so I might as well make it nice'",
        "Despite apocalyptic worldview about civilization collapse, actively chooses to live ethically: cleans up litter at river, is kind to others, works hard on business projects and programming, finds meaning in small acts and craftmanship. Explicitly rejects nihilistic checking-out: 'the fall of man may be nigh but I'm still waking up every day so I might as well make it nice.'",
        "Believes humans are not long for the world; sees humanity as fundamentally poor at sustained collective action on long-term existential threats like climate change despite good short-term problem-solving",
        "Keeps informed about climate and collapse specifically to understand the shape of what's coming, not because believes solutions are possible",
        "Despite believing human collapse is nigh and inevitable, chooses to be kind to others, clean up litter at rivers, work hard on business and programming projects - finds meaning in what can be done within confines of current existence rather than checking out",
        "Finds meaning through immediate local action and personal ethics despite belief in inevitable large-scale collapse; philosophy: choose to be kind and do good work because waking up each day makes it worth doing, not because it prevents collapse",
        "Believes current civilization is the first global one in human history, making potential collapse uniquely catastrophic and non-recoverable compared to previous regional collapses",
        "Believes human civilization collapse is inevitable and sees current global industrial civilization as first to experience planetary-scale collapse rather than regional collapse like previous civilizations",
        "Believes human civilization is inherently extractive problem rather than individual humans being the problem, views collapse as inevitable given historical pattern that all civilizations collapse and this is the first global industrial civilization making collapse planetary rather than regional",
        "Believes global civilization collapse is inevitable due to unsustainable systems that cannot reform without catastrophic breakdown; sees humanity as inherent destructive force relative to ecosystem health; estimates collapse could be sudden then slow decline",
        "Finds personal meaning through local actions despite believing collapse is imminent: kind to others, cleans up litter at river, works hard in business, develops programming projects",
        "Believes systems and civilizations are too entrenched to change without collapse; states 'those systems will not change without collapse' and accepts that global industrial civilization collapse is inevitable as the first global-scale civilization collapse",
        "Holds conviction that global civilization collapse is inevitable and will likely follow pattern of sudden phase transition followed by slow decay, timeline unknown"
      ],
      "cluster_size": 18,
      "merge_groups": [
        {
          "memory_ids": [
            "mem_5c1a3990",
            "mem_a32097a7",
            "mem_9b45c97b",
            "mem_d16cfd94",
            "mem_72dcc6a9",
            "mem_a6537fb6"
          ],
          "merged_text": "Despite believing civilization collapse is inevitable, actively finds meaning through local ethical action: is kind to others, cleans up litter at the river, works hard in business, and develops programming projects. Explicitly rejects nihilistic checking-out\u2014chooses to do good work not because it prevents collapse but because waking up each day makes it worth doing. Stated: 'the fall of man may be nigh but I'm still waking up every day so I might as well make it nice.'",
          "reason": "All six memories express the same idea: finding meaning through kindness, river litter cleanup, business, and programming despite belief in inevitable collapse. Merging preserves the quote and the philosophical framing from mem_72dcc6a9."
        },
        {
          "memory_ids": [
            "mem_d9b015fd",
            "mem_c78c19f8",
            "mem_834cc4a3"
          ],